date,revenue,expenses,profit_margin,cash_flow,anomaly_flag
2024-05-12,86295.05,72021.44,16.5405,14273.6,False
2024-05-13,80586.59,67052.64,16.7943,27807.55,False
2024-05-14,88208.31,68840.41,21.957,47175.45,False
2024-05-15,89032.97,70627.08,20.6731,65581.34,False
2024-05-16,76757.0,56875.25,25.9022,85463.08,False
2024-05-17,79539.43,56280.35,29.2422,108722.17,False
2024-05-18,44833.0,35381.54,21.0815,118173.63,True
2024-05-19,83795.15,62361.46,25.5787,139607.32,False
2024-05-20,85107.78,68047.34,20.0457,156667.75,False
2024-05-21,81586.78,67344.72,17.4563,170909.8,False
2024-05-22,89017.64,62554.84,29.7276,197372.6,False
2024-05-23,88637.55,69966.68,21.0643,216043.48,False
2024-05-24,85656.87,62931.42,26.5308,238768.92,False
2024-05-25,90250.13,75005.37,16.8917,254013.68,False
2024-05-26,87497.62,81909.94,6.3861,259601.36,True
2024-05-27,81891.18,64826.33,20.8384,276666.21,False
2024-05-28,87219.38,68295.49,21.6969,295590.1,False
2024-05-29,81607.84,61975.03,24.0575,315222.91,False
2024-05-30,89567.38,71801.07,19.8357,332989.21,False
2024-05-31,85670.11,69295.59,19.1135,349363.73,False
2024-06-01,85179.68,66869.52,21.4959,367673.9,False
2024-06-02,83138.08,67654.72,18.6237,383157.26,False
2024-06-03,55220.82,46800.34,15.2487,391577.74,True
2024-06-04,85602.44,65305.32,23.7109,411874.86,False
2024-06-05,84525.63,65692.26,22.2813,430708.23,False
2024-06-06,84963.32,59633.24,29.813,456038.3,False
2024-06-07,88905.59,72849.62,18.0596,472094.27,False
2024-06-08,88303.88,68703.47,22.1965,491694.69,False
2024-06-09,88634.1,67467.76,23.8806,512861.02,False
2024-06-10,88841.97,63443.01,28.5889,538259.98,False
2024-06-11,96425.88,80366.0,16.6552,554319.86,False
2024-06-12,85460.86,64886.25,24.0749,574894.47,False
2024-06-13,85133.99,68310.43,19.7613,591718.03,False
2024-06-14,45172.85,32633.14,27.7594,604257.74,True
2024-06-15,90359.5,76284.42,15.5768,618332.82,False
2024-06-16,92765.94,67419.16,27.3234,643679.6,False
2024-06-17,87461.33,63840.76,27.0069,667300.17,False
2024-06-18,84417.67,69969.37,17.1153,681748.47,False
2024-06-19,84640.61,70834.66,16.3113,695554.42,False
2024-06-20,91320.95,66830.69,26.8178,720044.68,False
2024-06-21,91904.48,70809.66,22.953,741139.5,False
2024-06-22,91193.57,73869.0,18.9976,758464.07,False
2024-06-23,85996.77,71528.23,16.8245,740946.83,False
2024-06-24,90169.31,68245.35,24.3142,762870.78,False
2024-06-25,89836.8,69852.87,22.2447,782854.71,False
2024-06-26,90478.67,73401.5,18.8743,799931.89,False
2024-06-27,93595.4,75781.42,19.033,817745.86,False
2024-06-28,90883.09,74291.84,18.2556,834337.11,False
2024-06-29,93129.62,73152.39,21.451,854314.34,False
2024-06-30,90573.9,64823.04,28.4308,880065.2,False
2024-07-01,91776.51,76688.08,16.4404,895153.63,False
2024-07-02,93533.43,77617.39,17.0164,911069.66,False
2024-07-03,84255.94,69065.83,18.0285,926259.78,False
2024-07-04,89629.59,64083.31,28.5021,951806.06,False
2024-07-05,89149.46,65137.91,26.934,975817.61,False
2024-07-06,88587.28,71892.13,18.846,992512.76,False
2024-07-07,90465.07,63639.55,29.6529,1019338.28,False
2024-07-08,98818.71,83687.96,15.3116,1034469.03,False
2024-07-09,88177.49,66712.6,24.3428,1055933.93,False
2024-07-10,96864.6,78256.61,19.2103,1074541.92,False
2024-07-11,84824.73,70670.51,16.6864,1088696.15,False
2024-07-12,91291.96,69308.35,24.0806,1110679.75,False
2024-07-13,93834.95,70176.34,25.213,1134338.37,False
2024-07-14,96045.66,76002.0,20.8689,1154382.03,False
2024-07-15,48918.06,38505.77,21.2852,1164794.31,True
2024-07-16,97503.19,74236.1,23.8629,1188061.4,False
2024-07-17,92382.89,73007.08,20.9734,1207437.22,False
2024-07-18,92084.27,77379.07,15.9693,1222142.41,False
2024-07-19,98560.58,75906.04,22.9854,1244796.95,False
2024-07-20,93844.78,68460.83,27.0489,1270180.9,False
2024-07-21,88938.16,67288.91,24.3419,1291830.15,False
2024-07-22,89848.52,68205.45,24.0884,1313473.21,False
2024-07-23,91104.98,65565.18,28.0334,1339013.01,False
2024-07-24,98126.27,71085.68,27.5569,1366053.59,False
2024-07-25,96682.31,77605.38,19.7316,1385130.53,False
2024-07-26,99575.53,74773.42,24.9078,1409932.64,False
2024-07-27,94445.9,79640.06,15.6765,1424738.47,False
2024-07-28,97530.85,71835.32,26.346,1450433.99,False
2024-07-29,100055.94,71523.86,28.5161,1478966.08,False
2024-07-30,95774.91,77867.46,18.6974,1496873.53,False
2024-07-31,74221.14,61763.52,16.7845,1509331.14,True
2024-08-01,94562.39,70138.53,25.8283,1533755.0,False
2024-08-02,96280.18,70314.69,26.9687,1559720.49,False
2024-08-03,96445.37,70199.2,27.2135,1585966.66,False
2024-08-04,92689.93,72140.74,22.1698,1606515.85,False
2024-08-05,101254.33,77992.41,22.9738,1629777.77,False
2024-08-06,96784.93,71515.93,26.1084,1655046.76,False
2024-08-07,99437.14,70279.78,29.3224,1684204.12,False
2024-08-08,102034.46,78793.43,22.7776,1707445.15,False
2024-08-09,102134.52,86191.3,15.61,1723388.37,False
2024-08-10,103501.36,82581.45,20.2122,1744308.28,False
2024-08-11,99939.19,77385.51,22.5674,1766861.96,False
2024-08-12,98567.46,70633.82,28.3396,1794795.6,False
2024-08-13,100561.26,74200.68,26.2135,1821156.19,False
2024-08-14,92688.22,68980.07,25.5784,1844864.34,False
2024-08-15,94149.61,76705.62,18.5279,1862308.33,False
2024-08-16,95027.88,79016.31,16.8493,1878319.9,False
2024-08-17,96934.65,80964.3,16.4754,1894290.24,False
2024-08-18,104329.9,88438.92,15.2315,1910181.22,False
2024-08-19,72427.14,61371.5,15.2645,1921236.86,True
2024-08-20,100867.14,85025.95,15.705,1937078.06,False
2024-08-21,109768.84,78020.76,28.9227,1968826.14,False
2024-08-22,101493.59,73143.29,27.9331,1997176.44,False
2024-08-23,107414.89,80096.06,25.433,2024495.27,False
2024-08-24,99006.31,77515.48,21.7065,2045986.1,False
2024-08-25,103043.51,73629.4,28.5453,2075400.21,False
2024-08-26,99412.84,82201.45,17.313,2092611.6,False
2024-08-27,102853.47,97410.15,5.2923,2098054.92,True
2024-08-28,109289.09,85393.54,21.8645,2121950.47,False
2024-08-29,96056.29,69621.28,27.5203,2148385.47,False
2024-08-30,107678.47,79465.45,26.2012,2176598.49,False
2024-08-31,75675.02,54792.26,27.5953,2197481.25,True
2024-09-01,102744.85,85051.16,17.221,2215174.95,False
2024-09-02,98464.83,77554.26,21.2366,2236085.51,False
2024-09-03,106769.44,86512.01,18.9731,2256342.94,False
2024-09-04,103807.84,77275.07,25.5595,2282875.71,False
2024-09-05,108117.55,81703.13,24.4312,2309290.14,False
2024-09-06,107232.75,81574.99,23.9272,2334947.91,False
2024-09-07,115953.32,94386.27,18.5998,2356514.97,False
2024-09-08,106305.36,86729.54,18.4147,2376090.78,False
2024-09-09,102310.53,74791.25,26.8978,2403610.06,False
2024-09-10,109030.82,91720.09,15.8769,2420920.8,False
2024-09-11,109484.75,78620.82,28.1902,2451784.73,False
2024-09-12,115897.81,96707.25,16.5582,2470975.29,False
2024-09-13,113290.4,81009.36,28.4941,2503256.33,False
2024-09-14,110918.45,82044.26,26.0319,2532130.51,False
2024-09-15,117185.33,96908.96,17.3028,2552406.88,False
2024-09-16,102912.07,74809.23,27.3076,2580509.72,False
2024-09-17,106125.62,80871.46,23.7965,2605763.88,False
2024-09-18,104757.77,80399.38,23.2521,2630122.27,False
2024-09-19,107913.41,79509.4,26.3211,2658526.29,False
2024-09-20,102677.24,82812.97,19.3463,2678390.55,False
2024-09-21,113981.89,94342.84,17.23,2698029.61,False
2024-09-22,109447.02,90970.86,16.8814,2716505.77,False
2024-09-23,102723.14,77134.63,24.9102,2742094.28,False
2024-09-24,105434.16,82199.38,22.0372,2765329.06,False
2024-09-25,113012.9,108357.79,4.1191,2769984.18,True
2024-09-26,116130.75,85555.79,26.3281,2800559.14,False
2024-09-27,122794.45,88926.28,27.5812,2834427.31,False
2024-09-28,128126.0,107754.33,15.8997,2854798.98,False
2024-09-29,114335.29,95263.98,16.6802,2873870.3,False
2024-09-30,106641.62,87083.95,18.3396,2893427.97,False
2024-10-01,100388.81,78067.28,22.2351,2915749.5,False
2024-10-02,114045.31,88224.45,22.6409,2941570.36,False
2024-10-03,108125.71,84279.87,22.0538,2965416.2,False
2024-10-04,110527.31,86264.93,21.9515,2989678.58,False
2024-10-05,109573.0,83843.56,23.4816,3015408.03,False
2024-10-06,112392.85,80896.24,28.0237,3046904.64,False
2024-10-07,119384.41,85819.43,28.115,3080469.62,False
2024-10-08,114384.49,96407.53,15.7163,3098446.57,False
2024-10-09,112738.16,87068.2,22.7695,3124116.53,False
2024-10-10,107890.03,90949.23,15.7019,3141057.34,False
2024-10-11,104381.55,75628.24,27.5463,3169810.64,False
2024-10-12,111282.05,87151.92,21.6838,3193940.76,False
2024-10-13,113879.14,83263.6,26.8842,3224556.31,False
2024-10-14,124417.99,91817.7,26.2022,3257156.6,False
2024-10-15,115181.46,81146.28,29.5492,3291191.77,False
2024-10-16,120183.86,86273.15,28.2157,3325102.49,False
2024-10-17,111807.15,93641.54,16.2473,3343268.11,False
2024-10-18,107980.23,80794.04,25.177,3370454.29,False
2024-10-19,109343.36,86514.59,20.8781,3393283.07,False
2024-10-20,110820.22,85304.1,23.0248,3418799.19,False
2024-10-21,127336.37,96784.26,23.9932,3449351.3,False
2024-10-22,110451.99,86128.58,22.0217,3473674.72,False
2024-10-23,120105.15,87446.86,27.1914,3506333.01,False
2024-10-24,110150.12,93439.31,15.1709,3523043.82,False
2024-10-25,120816.57,99401.37,17.7254,3544459.01,False
2024-10-26,117740.1,95515.73,18.8758,3566683.38,False
2024-10-27,114684.21,88342.84,22.9686,3593024.75,False
2024-10-28,115422.25,83442.39,27.7068,3625004.61,False
2024-10-29,111933.42,93811.38,16.19,3599618.96,False
2024-10-30,118364.18,88916.13,24.8792,3629067.02,False
2024-10-31,113201.97,80092.21,29.2484,3662176.78,False
2024-11-01,108786.45,81737.85,24.8639,3689225.38,False
2024-11-02,108526.76,88901.71,18.0831,3708850.44,False
2024-11-03,116977.51,92810.7,20.6594,3733017.25,False
2024-11-04,125174.2,101719.78,18.7374,3756471.67,False
2024-11-05,116975.84,95808.52,18.0955,3777639.0,False
2024-11-06,115387.67,84439.91,26.8207,3808586.75,False
2024-11-07,117759.69,98749.45,16.1433,3827597.0,False
2024-11-08,123702.88,94719.1,23.4302,3856580.77,False
2024-11-09,117409.4,93440.51,20.4148,3880549.66,False
2024-11-10,113759.9,79671.33,29.9654,3873330.81,False
2024-11-11,122577.5,104068.95,15.0995,3891839.36,False
2024-11-12,118644.5,88050.17,25.7866,3922433.69,False
2024-11-13,125070.76,88713.87,29.0691,3958790.58,False
2024-11-14,117208.64,90102.89,23.1261,3985896.33,False
2024-11-15,109022.86,78426.08,28.0645,4016493.1,False
2024-11-16,108173.47,78193.09,27.7151,4046473.49,False
2024-11-17,125679.51,99895.4,20.5158,4072257.59,False
2024-11-18,126074.51,95682.88,24.1061,4102649.22,False
2024-11-19,115000.01,96401.97,16.1722,4121247.27,False
2024-11-20,113784.99,85096.78,25.2127,4149935.49,False
2024-11-21,124443.35,100665.59,19.1073,4173713.25,False
2024-11-22,109509.6,84230.94,23.0835,4198991.91,False
2024-11-23,110695.14,88444.61,20.1007,4221242.44,False
2024-11-24,119553.26,94441.61,21.0046,4246354.08,False
2024-11-25,113487.3,87489.35,22.9082,4272352.03,False
2024-11-26,115681.49,97462.72,15.7491,4290570.8,False
2024-11-27,114701.33,86187.39,24.8593,4319084.75,False
2024-11-28,117528.17,85394.24,27.3415,4351218.67,False
2024-11-29,123632.53,99117.94,19.8286,4375733.26,False
2024-11-30,115949.22,95878.54,17.3099,4395803.94,False
2024-12-01,119058.3,84059.69,29.3962,4430802.54,False
2024-12-02,103443.48,79387.17,23.2555,4454858.85,False
2024-12-03,114887.63,95801.71,16.6127,4473944.77,False
2024-12-04,110222.02,89549.09,18.7557,4494617.71,False
2024-12-05,107968.44,91640.5,15.1229,4510945.65,False
2024-12-06,109828.6,85634.69,22.0288,4535139.57,False
2024-12-07,112848.28,90165.7,20.1001,4557822.14,False
2024-12-08,119905.35,89374.09,25.4628,4588353.4,False
2024-12-09,106943.61,90060.46,15.787,4605236.55,False
2024-12-10,114596.25,86514.48,24.505,4633318.32,False
2024-12-11,111531.23,90426.92,18.9223,4654422.64,False
2024-12-12,112300.98,85401.64,23.9529,4681321.98,False
2024-12-13,119758.74,93923.53,21.5727,4707157.19,False
2024-12-14,116971.33,94509.02,19.2033,4729619.5,False
2024-12-15,121376.09,94229.13,22.366,4756766.46,False
2024-12-16,112748.7,94265.01,16.3937,4775250.15,False
2024-12-17,109532.07,83561.48,23.7105,4801220.74,False
2024-12-18,112063.09,89321.1,20.2939,4823962.73,False
2024-12-19,114551.0,86068.39,24.8646,4852445.34,False
2024-12-20,114020.12,86794.79,23.8776,4879670.66,False
2024-12-21,106742.99,81765.93,23.3992,4904647.72,False
2024-12-22,113208.8,81382.53,28.1129,4936473.99,False
2024-12-23,113816.19,81237.28,28.6241,4969052.9,False
2024-12-24,126505.23,101219.81,19.9877,4994338.33,False
2024-12-25,122716.3,97967.82,20.1672,5019086.81,False
2024-12-26,82248.23,75638.23,8.0366,5025696.81,True
2024-12-27,110224.58,77484.02,29.7035,5058437.37,False
2024-12-28,103478.81,77503.77,25.1018,5084412.41,False
2024-12-29,108170.03,78928.58,27.0329,5113653.86,False
2024-12-30,113028.72,92313.12,18.3277,5134369.45,False
2024-12-31,117777.87,97648.99,17.0905,5154498.33,False
2025-01-01,106843.08,78743.57,26.2998,5182597.84,False
2025-01-02,107066.96,85672.56,19.9823,5203992.24,False
2025-01-03,98624.05,70950.58,28.0596,5231665.72,False
2025-01-04,109385.76,81084.7,25.8727,5259966.78,False
2025-01-05,104229.07,75128.13,27.9202,5289067.73,False
2025-01-06,106959.07,79420.11,25.7472,5316606.68,False
2025-01-07,104848.33,84005.58,19.879,5337449.43,False
2025-01-08,108926.17,91122.08,16.3451,5355253.51,False
2025-01-09,99626.12,72764.76,26.9622,5382114.87,False
2025-01-10,101010.88,78921.0,21.8688,5404204.76,False
2025-01-11,120367.27,96920.77,19.4791,5427651.26,False
2025-01-12,101574.09,85620.7,15.7062,5443604.65,False
2025-01-13,102395.77,81047.18,20.8491,5464953.24,False
2025-01-14,118038.69,87143.95,26.1734,5495847.97,False
2025-01-15,123549.6,98076.35,20.6178,5521321.21,False
2025-01-16,101342.29,75811.5,25.1926,5546852.01,False
2025-01-17,105436.92,89243.84,15.3581,5563045.09,False
2025-01-18,109009.81,82842.16,24.0049,5589212.74,False
2025-01-19,116185.96,93275.74,19.7186,5612122.96,False
2025-01-20,101438.65,71360.48,29.6516,5642201.13,False
2025-01-21,105157.77,79920.88,23.9991,5667438.03,False
2025-01-22,110350.11,91730.31,16.8734,5686057.83,False
2025-01-23,108282.12,85708.99,20.8466,5708630.96,False
2025-01-24,103745.05,79530.07,23.3409,5732845.94,False
2025-01-25,104781.87,88057.7,15.9609,5749570.11,False
2025-01-26,98005.77,81158.34,17.1902,5766417.53,False
2025-01-27,103741.82,77633.36,25.1668,5792525.99,False
2025-01-28,103347.58,80784.97,21.8318,5815088.6,False
2025-01-29,105705.23,81760.21,22.6526,5839033.63,False
2025-01-30,101346.46,80553.24,20.517,5859826.84,False
2025-01-31,106440.33,79842.67,24.9883,5886424.5,False
2025-02-01,108988.3,80284.13,26.3369,5866393.11,False
2025-02-02,104286.04,87277.07,16.3099,5871578.14,False
2025-02-03,105043.02,88087.1,16.1419,5888534.06,False
2025-02-04,103246.24,85332.86,17.3502,5906447.44,False
2025-02-05,102717.61,86974.15,15.3269,5922190.9,False
2025-02-06,98764.8,80172.2,18.8251,5940783.5,False
2025-02-07,103822.66,84584.33,18.53,5960021.83,False
2025-02-08,101453.04,82622.19,18.5611,5978852.68,False
2025-02-09,112335.41,86733.18,22.7909,6004454.92,False
2025-02-10,109415.58,84082.35,23.1532,6029788.14,False
2025-02-11,103131.23,75908.08,26.3966,6057011.29,False
2025-02-12,97072.22,77339.66,20.3277,6076743.85,False
2025-02-13,95067.2,70672.77,25.6602,6101138.28,False
2025-02-14,106390.3,78587.46,26.1329,6128941.12,False
2025-02-15,101470.07,79947.68,21.2106,6150463.51,False
2025-02-16,102297.1,77898.97,23.8503,6174861.64,False
2025-02-17,90951.93,66652.17,26.7172,6199161.41,False
2025-02-18,103998.17,85528.97,17.7592,6217630.61,False
2025-02-19,101387.87,84059.21,17.0915,6234959.27,False
2025-02-20,93392.13,67723.76,27.4845,6260627.63,False
2025-02-21,96304.47,67521.57,29.8874,6289410.53,False
2025-02-22,99675.4,74798.36,24.9581,6314287.57,False
2025-02-23,98384.95,80638.93,18.0373,6332033.59,False
2025-02-24,96448.0,79654.09,17.4124,6348827.49,False
2025-02-25,97124.07,70002.11,27.9251,6375949.45,False
2025-02-26,96154.88,78476.84,18.385,6393627.49,False
2025-02-27,97876.49,70212.25,28.2644,6421291.73,False
2025-02-28,104019.27,78899.59,24.1491,6446411.41,False
2025-03-01,84244.01,71589.83,15.0209,6459065.58,False
2025-03-02,95263.18,69436.25,27.1111,6484892.51,False
2025-03-03,97012.94,70149.53,27.6905,6511755.92,False
2025-03-04,97344.86,74315.02,23.658,6534785.77,False
2025-03-05,93908.44,74464.73,20.705,6554229.48,False
2025-03-06,87068.04,73131.51,16.0065,6568166.02,False
2025-03-07,96779.92,81984.51,15.2877,6582961.43,False
2025-03-08,103190.14,73311.03,28.9554,6612840.53,False
2025-03-09,87489.23,63053.46,27.93,6637276.31,False
2025-03-10,98611.21,80724.19,18.1389,6655163.33,False
2025-03-11,92753.46,68692.73,25.9405,6679224.06,False
2025-03-12,93790.28,78101.73,16.7273,6694912.6,False
2025-03-13,88916.11,71090.03,20.0482,6712738.68,False
2025-03-14,92072.09,65995.13,28.3223,6738815.64,False
2025-03-15,99493.69,82070.29,17.5121,6756239.04,False
2025-03-16,95922.02,69682.88,27.3547,6782478.18,False
2025-03-17,101049.48,77153.73,23.6476,6806373.92,False
2025-03-18,98247.61,76910.95,21.7172,6827710.58,False
2025-03-19,94610.99,73334.39,22.4885,6848987.18,False
2025-03-20,100429.13,80637.0,19.7076,6868779.3,False
2025-03-21,94196.18,75159.42,20.2097,6887816.07,False
2025-03-22,95782.14,81300.49,15.1194,6902297.72,False
2025-03-23,90417.82,76847.3,15.0087,6915868.24,False
2025-03-24,91890.73,71442.18,22.2531,6936316.78,False
2025-03-25,88209.12,63006.0,28.572,6961519.9,False
2025-03-26,95722.45,77456.35,19.0824,6979786.0,False
2025-03-27,85663.03,72513.72,15.35,6992935.3,False
2025-03-28,94399.0,70586.75,25.2251,7016747.55,False
2025-03-29,89803.79,69075.4,23.0819,7037475.94,False
2025-03-30,95793.63,73159.18,23.6283,7060110.39,False
2025-03-31,93714.46,66322.93,29.2287,7087501.92,False
2025-04-01,98363.21,78773.16,19.916,7107091.97,False
2025-04-02,93280.41,70240.21,24.6999,7130132.17,False
2025-04-03,82770.84,67716.45,18.188,7145186.57,False
2025-04-04,89374.72,73717.88,17.5182,7160843.41,False
2025-04-05,84275.61,69374.39,17.6815,7175744.63,False
2025-04-06,87055.94,66380.14,23.75,7196420.43,False
2025-04-07,95967.93,71806.27,25.1768,7220582.1,False
2025-04-08,91923.28,74671.4,18.7677,7237833.97,False
2025-04-09,85836.72,70404.0,17.9792,7253266.69,False
2025-04-10,84308.86,65228.8,22.6311,7272346.74,False
2025-04-11,88824.73,74075.79,16.6045,7287095.68,False
2025-04-12,83165.88,60011.36,27.8414,7310250.2,False
2025-04-13,85461.81,71092.29,16.814,7324619.72,False
2025-04-14,89687.77,64074.22,28.5586,7350233.26,False
2025-04-15,93289.57,67451.05,27.6971,7376071.79,False
2025-04-16,90764.93,70803.54,21.9924,7396033.17,False
2025-04-17,77897.76,55317.37,28.9872,7418613.57,False
2025-04-18,89211.13,63154.44,29.2079,7444670.26,False
2025-04-19,88091.17,61670.67,29.9922,7471090.76,False
2025-04-20,89494.89,68503.64,23.4553,7492082.01,False
2025-04-21,94668.13,77267.52,18.3806,7509482.62,False
2025-04-22,78476.68,55343.77,29.4774,7532615.52,False
2025-04-23,84838.0,67687.04,20.2161,7549766.49,False
2025-04-24,49426.78,40701.42,17.6531,7558491.84,True
2025-04-25,80369.36,58283.87,27.48,7580577.33,False
2025-04-26,93636.91,67608.62,27.797,7606605.63,False
2025-04-27,88741.83,73577.64,17.088,7621769.82,False
2025-04-28,90762.52,74740.09,17.6531,7637792.24,False
2025-04-29,84536.5,66009.59,21.9159,7656319.15,False
2025-04-30,90507.79,74477.05,17.712,7672349.9,False
2025-05-01,91565.77,65370.03,28.6087,7698545.64,False
2025-05-02,87891.05,66724.45,24.0828,7719712.24,False
2025-05-03,87859.03,71224.65,18.933,7736346.62,False
2025-05-04,87980.92,64984.27,26.1382,7759343.27,False
2025-05-05,83032.32,67492.76,18.7151,7774882.83,False
2025-05-06,86113.63,66792.04,22.4373,7794204.42,False
2025-05-07,86071.9,69936.85,18.746,7810339.46,False
2025-05-08,88379.97,68026.23,23.0298,7830693.2,False
2025-05-09,91040.98,68752.84,24.4814,7866297.46,False
2025-05-10,82111.01,60177.38,26.7122,7888231.08,False
2025-05-11,86155.71,63001.96,26.8743,7911384.83,False
2025-05-12,93122.11,75682.54,18.7276,7928824.41,False
2025-05-13,83483.21,59927.3,28.2163,7952380.32,False
2025-05-14,83153.17,59279.68,28.7103,7976253.81,False
2025-05-15,87611.72,63644.98,27.3556,8000220.55,False
2025-05-16,90417.62,65670.5,27.3698,8024967.67,False
2025-05-17,86829.52,71501.17,17.6534,8040296.02,False
2025-05-18,92577.83,70338.41,24.0224,8062535.44,False
2025-05-19,90563.94,76848.78,15.1442,8076250.6,False
2025-05-20,90539.13,65240.84,27.9418,8101548.89,False
2025-05-21,89333.6,71290.98,20.1969,8119591.51,False
2025-05-22,97094.96,74501.88,23.2691,8142184.59,False
2025-05-23,86132.16,65368.95,24.1062,8162947.81,False
2025-05-24,78357.9,65136.0,16.8737,8176169.72,False
2025-05-25,94132.25,79667.83,15.3661,8190634.14,False
2025-05-26,85211.96,70805.08,16.9071,8205041.02,False
2025-05-27,87748.28,63954.9,27.1155,8228834.4,False
2025-05-28,93071.26,68232.37,26.688,8253673.29,False
2025-05-29,80425.95,64212.97,20.1589,8269886.27,False
2025-05-30,82036.38,60982.77,25.6637,8290939.88,False
2025-05-31,80586.78,65292.11,18.9791,8306234.54,False
2025-06-01,84209.99,66101.74,21.5037,8324342.8,False
2025-06-02,89717.53,70216.2,21.7364,8343844.13,False
2025-06-03,90191.37,74343.13,17.5718,8359692.37,False
2025-06-04,89207.7,71953.14,19.342,8376946.93,False
2025-06-05,81877.43,57640.62,29.6013,8401183.75,False
2025-06-06,78024.3,55195.86,29.2581,8418185.2,False
2025-06-07,88570.28,69991.22,20.9766,8436764.25,False
2025-06-08,86364.7,66753.76,22.7071,8456375.19,False
2025-06-09,90610.68,66963.8,26.0972,8480022.06,False
2025-06-10,91818.53,70039.03,23.7202,8501801.57,False
2025-06-11,89452.28,72786.12,18.6313,8518467.73,False
2025-06-12,92356.87,76101.3,17.6008,8534723.3,False
2025-06-13,90137.47,70684.31,21.5817,8554176.46,False
2025-06-14,91626.66,69435.18,24.2195,8576367.94,False
2025-06-15,86259.38,63884.08,25.9395,8598743.23,False
2025-06-16,88757.74,69079.06,22.1712,8618421.91,False
2025-06-17,90600.99,67698.19,25.2788,8641324.71,False
2025-06-18,93565.57,73412.89,21.5386,8661477.4,False
2025-06-19,88269.13,70747.52,19.8502,8678999.01,False
2025-06-20,92559.7,65709.23,29.0088,8705849.48,False
2025-06-21,89178.47,62439.21,29.984,8732588.75,False
2025-06-22,90021.92,65881.78,26.8158,8756728.88,False
2025-06-23,94495.1,78825.61,16.5823,8772398.37,False
2025-06-24,81853.36,65232.51,20.3056,8789019.22,False
2025-06-25,85192.44,61832.17,27.4206,8812379.49,False
2025-06-26,84520.53,70451.21,16.646,8826448.81,False
2025-06-27,80803.23,62258.36,22.9507,8844993.69,False
2025-06-28,88562.35,68318.22,22.8586,8865237.82,False
2025-06-29,95311.25,80093.03,15.9669,8880456.05,False
2025-06-30,90757.97,64340.42,29.1077,8906873.61,False
2025-07-01,93185.66,68237.69,26.7723,8931821.58,False
2025-07-02,97516.34,76829.78,21.2134,8952508.14,False
2025-07-03,98842.54,72088.14,27.0677,8979262.54,False
2025-07-04,92580.74,74243.19,19.8071,8997600.1,False
2025-07-05,99419.28,72786.23,26.7886,9024233.15,False
2025-07-06,93765.13,67030.21,28.5126,9050968.06,False
2025-07-07,89638.72,65530.19,26.8952,9075076.6,False
2025-07-08,90992.09,69464.28,23.659,9096604.41,False
2025-07-09,87046.18,63232.15,27.3579,9120418.44,False
2025-07-10,90048.84,64853.52,27.9796,9145613.76,False
2025-07-11,92773.23,76912.93,17.0958,9161474.06,False
2025-07-12,98502.22,73685.53,25.194,9186290.75,False
2025-07-13,103100.64,77749.62,24.5886,9211641.77,False
2025-07-14,88593.27,62749.78,29.1709,9237485.27,False
2025-07-15,97284.19,73313.89,24.6395,9261455.56,False
2025-07-16,90675.56,87576.57,3.4177,9264554.56,True
2025-07-17,98172.03,77710.31,20.8427,9285016.28,False
2025-07-18,95511.64,69800.72,26.9191,9310727.2,False
2025-07-19,87565.48,72964.36,16.6745,9325328.32,False
2025-07-20,101124.46,84888.93,16.055,9341563.85,False
2025-07-21,93959.27,67178.49,28.5025,9368344.63,False
2025-07-22,94549.84,67708.13,28.389,9395186.34,False
2025-07-23,92187.97,66126.34,28.2701,9421247.97,False
2025-07-24,94458.85,74899.76,20.7065,9440807.06,False
2025-07-25,100005.65,71833.6,28.1705,9468979.12,False
2025-07-26,97240.75,80501.47,17.2143,9485718.4,False
2025-07-27,100047.2,81352.45,18.6859,9504413.14,False
2025-07-28,100476.87,82689.58,17.7029,9522200.43,False
2025-07-29,105487.52,82165.19,22.1091,9545522.77,False
2025-07-30,97516.26,82840.22,15.0498,9560198.81,False
2025-07-31,92135.21,65105.16,29.3374,9587228.86,False
2025-08-01,105069.1,79872.46,23.981,9612425.51,False
2025-08-02,98355.02,73627.63,25.1409,9637152.9,False
2025-08-03,105868.11,89172.38,15.7703,9653848.63,False
2025-08-04,102474.52,80599.2,21.3471,9675723.96,False
2025-08-05,100154.28,82219.52,17.9071,9693658.72,False
2025-08-06,102846.79,74620.61,27.4449,9721884.9,False
2025-08-07,69437.0,58798.91,15.3205,9732522.99,True
2025-08-08,112176.03,86913.53,22.5204,9757785.48,False
2025-08-09,102245.86,79143.49,22.5949,9780887.85,False
2025-08-10,102980.64,87083.79,15.4367,9796784.69,False
2025-08-11,107944.56,81725.89,24.289,9823003.36,False
2025-08-12,98360.03,74717.11,24.0371,9846646.29,False
2025-08-13,104687.59,82463.77,21.2287,9864323.5,False
2025-08-14,103109.23,74156.97,28.0792,9893275.76,False
2025-08-15,105137.24,78659.77,25.1837,9919753.22,False
2025-08-16,99457.68,72502.78,27.1019,9946708.12,False
2025-08-17,95781.5,68530.95,28.4507,9973958.67,False
2025-08-18,93507.43,77603.84,17.0078,9989862.26,False
2025-08-19,98745.14,77850.64,21.16,10010756.76,False
2025-08-20,102451.38,77227.94,24.6199,10035980.2,False
2025-08-21,103582.12,78857.11,23.87,10060705.21,False
2025-08-22,115597.7,88400.78,23.5272,10087902.13,False
2025-08-23,111497.7,88637.59,20.5028,10110762.24,False
2025-08-24,100824.42,84593.24,16.0985,10126993.41,False
2025-08-25,108029.34,90735.67,16.0083,10144287.08,False
2025-08-26,104279.32,79119.2,24.1276,10169447.2,False
2025-08-27,105190.23,78828.44,25.0611,10195808.99,False
2025-08-28,107958.91,82875.41,23.2343,10220892.49,False
2025-08-29,110546.34,86799.89,21.481,10244638.93,False
2025-08-30,105661.19,81282.27,23.0727,10269017.86,False
2025-08-31,113471.72,90642.69,20.1187,10291846.89,False
2025-09-01,101829.28,79748.61,21.684,10313927.57,False
2025-09-02,108283.01,81007.31,25.1893,10341203.26,False
2025-09-03,122592.68,92172.49,24.814,10371623.46,False
2025-09-04,109963.12,83218.87,24.3211,10398367.71,False
2025-09-05,116809.07,83424.57,28.5804,10431752.21,False
2025-09-06,109744.29,79554.67,27.5091,10461941.83,False
2025-09-07,112668.09,91088.44,19.1533,10483521.48,False
2025-09-08,109419.39,82979.78,24.1635,10509961.09,False
2025-09-09,109034.13,79832.7,26.7819,10539162.52,False
2025-09-10,105913.88,83078.94,21.5599,10561997.46,False
2025-09-11,112821.26,91761.02,18.6669,10583057.7,False
2025-09-12,105966.25,78268.09,26.1387,10610755.86,False
2025-09-13,114600.81,94433.19,17.5982,10630923.49,False
2025-09-14,117169.48,98319.93,16.0874,10649773.04,False
2025-09-15,113405.88,89546.32,21.0391,10673632.6,False
2025-09-16,109991.61,88030.92,19.9658,10695593.29,False
2025-09-17,114347.77,80945.23,29.2114,10728995.82,False
2025-09-18,110299.35,92853.08,15.8172,10746442.09,False
2025-09-19,117494.59,89163.44,24.1127,10774773.25,False
2025-09-20,102159.32,85669.28,16.1415,10791263.29,False
2025-09-21,110776.53,87164.14,21.3153,10814875.68,False
2025-09-22,101638.71,71217.51,29.9307,10845296.87,False
2025-09-23,104625.5,73842.72,29.4219,10876079.65,False
2025-09-24,121004.47,97053.18,19.7937,10900030.94,False
2025-09-25,118556.78,92995.96,21.56,10925591.75,False
2025-09-26,109583.21,77144.37,29.602,10958030.59,False
2025-09-27,105310.05,85461.11,18.8481,10977879.53,False
2025-09-28,97146.89,80420.32,17.2178,10994606.11,False
2025-09-29,111133.16,105070.25,5.4555,11000669.01,True
2025-09-30,128266.3,98747.56,23.0136,11030187.76,False
2025-10-01,117089.27,82058.62,29.9179,11065218.41,False
2025-10-02,111561.03,91256.64,18.2003,11085522.8,False
2025-10-03,117616.3,88166.05,25.0393,11114973.05,False
2025-10-04,106126.86,88277.87,16.8185,11132822.05,False
2025-10-05,113561.34,85847.73,24.4041,11160535.66,False
2025-10-06,116009.52,91039.83,21.5238,11185505.36,False
2025-10-07,115094.33,85233.25,25.9449,11215366.44,False
2025-10-08,78472.13,56820.74,27.5912,11237017.82,True
2025-10-09,117890.9,96226.82,18.3764,11258681.9,False
2025-10-10,119916.53,92873.98,22.5511,11285724.44,False
2025-10-11,112181.42,87554.59,21.9527,11310351.27,False
2025-10-12,121539.07,102677.71,15.5188,11329212.63,False
2025-10-13,125935.37,106357.08,15.5463,11348790.92,False
2025-10-14,110925.12,91884.41,17.1654,11367831.63,False
2025-10-15,111525.43,81206.28,27.1859,11398150.78,False
2025-10-16,124629.29,98350.07,21.0859,11424430.0,False
2025-10-17,115824.75,96334.0,16.8278,11443920.74,False
2025-10-18,125272.76,94727.45,24.383,11474466.05,False
2025-10-19,114572.64,81938.45,28.4834,11507100.24,False
2025-10-20,125801.21,103363.87,17.8356,11529537.59,False
2025-10-21,118141.41,91236.42,22.7735,11556442.58,False
2025-10-22,118982.37,93360.57,21.5341,11582064.37,False
2025-10-23,126754.53,107401.86,15.2678,11601417.05,False
2025-10-24,115516.59,91383.06,20.8918,11625550.57,False
2025-10-25,112187.73,85683.03,23.6253,11652055.27,False
2025-10-26,115163.89,87006.05,24.4502,11680213.11,False
2025-10-27,120546.26,91933.75,23.7357,11708825.63,False
2025-10-28,108715.85,78031.87,28.224,11739509.6,False
2025-10-29,121776.73,99761.03,18.0787,11761525.3,False
2025-10-30,114895.17,94864.06,17.4342,11781556.41,False
2025-10-31,124911.97,92767.07,25.734,11813701.31,False
2025-11-01,104035.93,77566.02,25.4431,11840171.23,False
2025-11-02,113581.58,94403.34,16.885,11859349.46,False
2025-11-03,108300.92,76200.05,29.6404,11891450.33,False
2025-11-04,113424.8,88252.28,22.1931,11916622.86,False
2025-11-05,119811.68,92201.24,23.0449,11944233.3,False
2025-11-06,117314.52,94264.45,19.6481,11967283.37,False
2025-11-07,116899.92,84695.02,27.5491,11999488.27,False
2025-11-08,117477.41,94011.25,19.975,12022954.43,False
2025-11-09,119639.82,90508.73,24.349,12052085.52,False
2025-11-10,112473.41,89169.73,20.7193,12075389.2,False
2025-11-11,122638.99,86584.87,29.3986,12111443.31,False
2025-11-12,122379.08,94141.22,23.0741,12139681.17,False
2025-11-13,120731.86,93970.15,22.1662,12166442.88,False
2025-11-14,121739.92,89131.76,26.7851,12199051.05,False
2025-11-15,120187.28,86648.25,27.9056,12232590.09,False
2025-11-16,130464.65,95013.64,27.1729,12257586.26,False
2025-11-17,117878.74,88600.15,24.8379,12286864.84,False
2025-11-18,116551.17,83278.32,28.5478,12320137.69,False
2025-11-19,113879.83,95897.97,15.7902,12338119.55,False
2025-11-20,112197.6,85354.23,23.9251,12364962.93,False
2025-11-21,110905.5,91091.73,17.8655,12384776.7,False
2025-11-22,112966.83,95588.3,15.3837,12402155.22,False
2025-11-23,117754.61,83854.27,28.789,12436055.56,False
2025-11-24,120093.79,95804.87,20.225,12460344.48,False
2025-11-25,118364.1,98326.4,16.9289,12480382.18,False
2025-11-26,113483.83,90234.99,20.4865,12503631.03,False
2025-11-27,123242.53,94200.91,23.5646,12532672.64,False
2025-11-28,122221.36,93457.97,23.5339,12561436.04,False
2025-11-29,116848.71,82423.31,29.4615,12595861.44,False
2025-11-30,113866.95,88837.87,21.981,12620890.53,False
2025-12-01,120851.54,102606.76,15.0969,12639135.31,False
2025-12-02,118642.85,100111.57,15.6194,12657666.6,False
2025-12-03,108942.11,76919.66,29.394,12689689.05,False
2025-12-04,116950.62,94246.94,19.413,12712392.73,False
2025-12-05,118784.98,88526.25,25.4735,12742651.45,False
2025-12-06,111874.24,93465.15,16.4552,12761060.54,False
2025-12-07,118145.81,83501.58,29.3233,12795704.77,False
2025-12-08,108416.71,91111.36,15.9619,12813010.12,False
2025-12-09,124608.09,102879.1,17.4379,12834739.11,False
2025-12-10,123963.89,88959.67,28.2374,12869743.33,False
2025-12-11,115086.17,81593.06,29.1026,12903236.44,False
2025-12-12,118544.31,97823.5,17.4794,12923957.26,False
2025-12-13,102282.11,73987.16,27.6636,12952252.21,False
2025-12-14,109442.11,85390.53,21.9765,12976303.78,False
2025-12-15,114312.87,95721.22,16.2638,12994895.43,False
2025-12-16,109660.68,86096.49,21.4883,13018459.62,False
2025-12-17,119857.21,91041.74,24.0415,13047275.09,False
2025-12-18,127112.74,97464.0,23.3248,13076923.83,False
2025-12-19,108625.25,77066.1,29.0532,13108482.99,False
2025-12-20,110429.44,93347.43,15.4687,13125565.01,False
2025-12-21,116447.23,86939.29,25.3402,13155072.95,False
2025-12-22,124183.46,90455.79,27.1595,13188800.62,False
2025-12-23,107741.58,80041.98,25.7093,13216500.22,False
2025-12-24,79004.84,66731.91,15.5344,13228773.15,True
2025-12-25,124822.74,89141.28,28.5857,13264454.61,False
2025-12-26,104790.56,86986.17,16.9905,13282259.0,False
2025-12-27,106735.74,86047.85,19.3823,13302946.89,False
2025-12-28,111442.07,91884.31,17.5497,13322504.65,False
2025-12-29,110704.88,93698.91,15.3615,13339510.62,False
2025-12-30,118080.63,97572.76,17.3677,13360018.49,False
2025-12-31,114642.82,96472.77,15.8493,13378188.53,False
2026-01-01,103039.76,74089.74,28.096,13407138.55,False
2026-01-02,115781.63,94867.8,18.0632,13428052.39,False
2026-01-03,109414.37,85545.77,21.8149,13451920.99,False
2026-01-04,119626.33,93490.89,21.8476,13478056.43,False
2026-01-05,108727.28,90769.69,16.5162,13496014.02,False
2026-01-06,108470.21,91740.92,15.4229,13512743.32,False
2026-01-07,114846.11,92534.47,19.4274,13535054.96,False
2026-01-08,115859.52,89494.61,22.7559,13561419.86,False
2026-01-09,113876.99,87509.97,23.1539,13587786.87,False
2026-01-10,101789.86,77151.75,24.2049,13612424.98,False
2026-01-11,113916.98,85920.73,24.576,13640421.24,False
2026-01-12,104979.71,79650.84,24.1274,13665750.11,False
2026-01-13,111774.41,79746.91,28.6537,13697777.62,False
2026-01-14,102394.81,72865.73,28.8385,13727306.7,False
2026-01-15,112463.33,105819.07,5.9079,13733950.96,True
2026-01-16,105345.02,80790.25,23.3089,13758505.74,False
2026-01-17,102509.35,86067.13,16.0397,13774947.96,False
2026-01-18,113194.74,89631.35,20.8167,13798511.36,False
2026-01-19,110369.72,77841.16,29.4724,13831039.92,False
2026-01-20,105468.32,76319.88,27.6371,13860188.35,False
2026-01-21,116440.72,85103.38,26.9127,13878400.21,False
2026-01-22,105930.26,89655.18,15.364,13894675.29,False
2026-01-23,108242.07,79320.4,26.7194,13923596.97,False
2026-01-24,109268.68,84941.47,22.2637,13947924.18,False
2026-01-25,104235.24,87602.06,15.9573,13964557.36,False
2026-01-26,109843.88,92991.51,15.3421,13981409.72,False
2026-01-27,104206.85,76639.35,26.4546,14008977.22,False
2026-01-28,104609.7,73997.51,29.2632,14039589.4,False
2026-01-29,113812.15,82290.77,27.696,14071110.78,False
2026-01-30,100765.54,71493.07,29.0501,14100383.25,False
2026-01-31,93246.31,68001.61,27.0731,14125627.95,False
2026-02-01,114300.88,89758.82,21.4715,14150170.01,False
2026-02-02,118972.22,99563.96,16.3133,14169578.26,False
2026-02-03,103129.28,80500.94,21.9417,14192206.6,False
2026-02-04,94833.6,75288.24,20.6102,14211751.95,False
2026-02-05,103115.65,75303.31,26.972,14239564.29,False
2026-02-06,102985.51,84457.13,17.9912,14258092.67,False
2026-02-07,103229.8,81826.99,20.7332,14279495.48,False
2026-02-08,98170.71,81444.43,17.0379,14296221.75,False
2026-02-09,106701.23,89877.27,15.7674,14313045.71,False
2026-02-10,106147.17,79842.32,24.7815,14339350.56,False
2026-02-11,95463.69,68121.63,28.6413,14366692.61,False
2026-02-12,106508.85,78165.71,26.6111,14395035.75,False
2026-02-13,113184.91,86662.99,23.4324,14421557.67,False
2026-02-14,103268.57,86937.06,15.8146,14437889.17,False
2026-02-15,100404.72,75980.92,24.3254,14462312.97,False
2026-02-16,101143.33,82494.12,18.4384,14480962.19,False
2026-02-17,104732.15,81803.3,21.8928,14503891.04,False
2026-02-18,92576.93,67342.43,27.2579,14529125.54,False
2026-02-19,101918.74,76246.44,25.189,14554797.83,False
2026-02-20,98861.04,78889.02,20.2021,14574769.86,False
2026-02-21,109864.03,87993.18,19.9072,14579229.71,False
2026-02-22,99441.8,76094.25,23.4786,14602577.25,False
2026-02-23,108404.11,79600.8,26.5703,14631380.57,False
2026-02-24,94297.05,76218.99,19.1714,14649458.63,False
2026-02-25,102474.51,74327.94,27.4669,14677605.21,False
2026-02-26,100884.75,84793.68,15.95,14693696.28,False
2026-02-27,94743.89,68991.13,27.1814,14719449.04,False
2026-02-28,99674.19,71376.38,28.3903,14747746.86,False
2026-03-01,104524.05,80969.25,22.5353,14771301.65,False
2026-03-02,96710.91,75234.56,22.2068,14792778.0,False
2026-03-03,89761.49,90907.49,-1.2767,14791632.01,True
2026-03-04,97727.19,74810.18,23.45,14814549.02,False
2026-03-05,93168.43,79120.7,15.0778,14828596.75,False
2026-03-06,95664.55,73943.16,22.7058,14850318.14,False
2026-03-07,96695.95,74619.49,22.8308,14872394.6,False
2026-03-08,88595.32,67621.7,23.6735,14893368.22,False
2026-03-09,88815.46,63061.1,28.9976,14919122.59,False
2026-03-10,98711.47,77877.77,21.1057,14939956.29,False
2026-03-11,93644.57,68753.39,26.5805,14964847.46,False
2026-03-12,83627.76,66537.7,20.4359,14981937.52,False
2026-03-13,99459.12,70379.76,29.2375,15011016.88,False
2026-03-14,96780.15,81992.92,15.2792,15025804.11,False
2026-03-15,91858.48,70763.25,22.9649,15046899.34,False
2026-03-16,47747.81,39846.18,16.5487,15054800.96,True
2026-03-17,98786.33,76197.28,22.8666,15077390.02,False
2026-03-18,96262.6,68254.96,29.095,15105397.66,False
2026-03-19,105644.8,86980.75,17.6668,15140990.76,False
2026-03-20,96169.71,76669.14,20.2772,15160491.32,False
2026-03-21,95807.32,78299.83,18.2736,15177998.81,False
2026-03-22,93000.08,71073.03,23.5775,15199925.86,False
2026-03-23,97405.02,77504.25,20.4309,15219826.63,False
2026-03-24,96305.27,79782.59,17.1566,15236349.31,False
2026-03-25,99025.52,78691.61,20.534,15256683.23,False
2026-03-26,90578.21,68128.49,24.7849,15279132.94,False
2026-03-27,90794.46,72579.22,20.0621,15297348.18,False
2026-03-28,90411.96,72399.92,19.9222,15315360.22,False
2026-03-29,96105.59,81121.58,15.5912,15330344.23,False
2026-03-30,99185.53,74948.24,24.4363,15354581.52,False
2026-03-31,89985.53,68727.55,23.6238,15375839.49,False
2026-04-01,89975.34,73943.39,17.8182,15391871.44,False
2026-04-02,93201.56,72311.77,22.4136,15412761.23,False
2026-04-03,90471.36,73325.77,18.9514,15429906.83,False
2026-04-04,95789.49,73657.94,23.1044,15452038.37,False
2026-04-05,81003.27,59320.66,26.7676,15473720.98,False
2026-04-06,87360.92,70917.9,18.8219,15490164.0,False
2026-04-07,87419.56,62913.52,28.0327,15514670.04,False
2026-04-08,80295.22,58598.45,27.0212,15536366.81,False
2026-04-09,86322.43,68542.06,20.5976,15554147.18,False
2026-04-10,86411.08,70173.61,18.791,15570384.65,False
2026-04-11,89511.88,74671.09,16.5797,15585225.43,False
2026-04-12,95316.03,70618.5,25.9112,15609922.96,False
2026-04-13,89061.04,63821.91,28.3391,15635162.09,False
2026-04-14,85403.32,72029.76,15.6593,15648535.65,False
2026-04-15,89670.68,64846.56,27.6837,15673359.77,False
2026-04-16,94524.86,68970.07,27.035,15698914.56,False
2026-04-17,85326.76,63457.46,25.6301,15720783.86,False
2026-04-18,85519.74,66654.83,22.0591,15739648.77,False
2026-04-19,91997.69,76581.07,16.7576,15755065.39,False
2026-04-20,88411.36,71974.09,18.5918,15771502.66,False
2026-04-21,92200.66,74334.35,19.3776,15789368.97,False
2026-04-22,89160.46,64755.2,27.3723,15813774.23,False
2026-04-23,92264.9,69535.67,24.6348,15836503.47,False
2026-04-24,84449.25,65174.62,22.8239,15855778.11,False
2026-04-25,88929.69,64217.37,27.7886,15880490.43,False
2026-04-26,87976.31,65191.72,25.8986,15903275.02,False
2026-04-27,83445.5,62271.2,25.375,15924449.32,False
2026-04-28,81844.61,58853.76,28.0909,15947440.17,False
2026-04-29,91770.44,71813.67,21.7464,15967396.94,False
2026-04-30,87119.51,70196.91,19.4246,15984319.54,False
2026-05-01,84097.34,59750.3,28.951,16008666.58,False
2026-05-02,88157.87,68072.73,22.7832,16028751.73,False
2026-05-03,93538.85,76452.27,18.2668,16045838.31,False
2026-05-04,78416.92,63690.11,18.7801,16060565.13,True
2026-05-05,81859.31,67309.72,17.7739,16075114.72,False
2026-05-06,84373.46,64734.36,23.2764,16094753.82,False
2026-05-07,94895.37,78106.82,17.6916,16111542.37,False
2026-05-08,89667.62,66005.5,26.3887,16135204.49,False
2026-05-09,91798.63,69227.33,24.5878,16157775.79,False
2026-05-10,83360.42,60557.46,27.3547,16180578.76,False
2026-05-11,83449.44,64266.3,22.9877,16199761.89,False
