date,sla_compliance_pct,ticket_volume,avg_resolution_hours,system_uptime_pct,efficiency_score,anomaly_flag
2024-05-12,92.84,67,6.52,99.951,90.21,False
2024-05-13,96.66,165,2.56,99.82,96.65,False
2024-05-14,97.04,160,4.86,99.974,93.98,False
2024-05-15,93.88,134,2.7,100.0,95.43,False
2024-05-16,94.05,145,4.0,99.877,93.83,False
2024-05-17,95.92,155,3.29,100.0,95.51,False
2024-05-18,91.51,59,5.46,99.948,91.01,False
2024-05-19,92.21,61,2.7,99.954,94.74,False
2024-05-20,94.58,163,1.61,99.718,96.97,False
2024-05-21,97.32,160,1.77,99.984,97.96,False
2024-05-22,94.35,161,2.71,99.873,95.56,False
2024-05-23,95.15,149,1.89,99.778,96.87,False
2024-05-24,96.7,136,4.33,99.745,94.42,False
2024-05-25,98.16,56,2.8,100.0,97.02,False
2024-05-26,94.13,59,11.57,99.847,84.39,False
2024-05-27,94.97,134,1.48,99.609,97.25,False
2024-05-28,97.73,139,3.91,99.76,95.37,False
2024-05-29,92.72,148,2.01,99.89,95.79,False
2024-05-30,96.54,157,2.76,100.0,96.42,False
2024-05-31,93.47,163,3.79,100.0,93.9,False
2024-06-01,95.15,57,1.1,100.0,97.93,False
2024-06-02,94.64,64,3.97,99.771,94.06,False
2024-06-03,93.56,138,9.14,99.968,87.24,False
2024-06-04,93.53,161,2.81,99.725,95.05,False
2024-06-05,95.41,157,4.02,99.776,94.31,False
2024-06-06,96.49,148,5.89,99.716,92.38,False
2024-06-07,94.81,135,3.25,99.662,94.99,False
2024-06-08,95.11,64,2.64,100.0,95.99,False
2024-06-09,95.86,61,1.13,100.0,98.18,False
2024-06-10,93.54,155,4.86,100.0,92.59,False
2024-06-11,96.11,152,3.34,99.908,95.49,False
2024-06-12,96.23,139,2.13,100.0,97.08,False
2024-06-13,98.91,165,3.76,99.548,95.95,False
2024-06-14,94.44,125,2.64,100.0,95.73,False
2024-06-15,94.31,55,2.71,99.935,95.56,False
2024-06-16,96.15,61,4.78,100.0,93.74,False
2024-06-17,96.23,156,1.81,99.976,97.47,False
2024-06-18,94.2,162,5.96,99.703,91.38,False
2024-06-19,94.4,158,1.75,99.6,96.67,False
2024-06-20,95.81,136,2.53,99.758,96.32,False
2024-06-21,93.76,135,9.23,100.0,87.21,False
2024-06-22,94.38,59,6.2,100.0,91.25,False
2024-06-23,95.13,55,3.71,99.626,94.54,False
2024-06-24,96.49,145,2.21,99.704,96.99,False
2024-06-25,94.09,170,2.71,99.755,95.42,False
2024-06-26,92.24,161,3.66,99.829,93.51,False
2024-06-27,92.13,148,3.6,99.628,93.47,False
2024-06-28,93.11,131,3.37,99.616,94.14,False
2024-06-29,93.03,59,3.48,99.736,94.02,False
2024-06-30,94.77,55,3.17,99.917,95.16,False
2024-07-01,65.2,349,12.24,87.415,67.62,True
2024-07-02,93.95,160,2.73,99.877,95.38,False
2024-07-03,93.84,148,5.58,100.0,91.81,False
2024-07-04,94.34,153,1.78,99.64,96.63,False
2024-07-05,96.98,129,3.21,99.859,95.98,False
2024-07-06,95.99,41,2.34,100.0,96.72,False
2024-07-07,95.02,56,3.73,99.816,94.53,False
2024-07-08,94.31,132,2.91,99.785,95.27,False
2024-07-09,94.35,137,7.39,100.0,89.75,False
2024-07-10,95.49,153,4.55,99.839,93.71,False
2024-07-11,95.88,153,1.83,100.0,97.31,False
2024-07-12,93.64,181,4.94,99.986,92.53,False
2024-07-13,95.05,67,2.4,99.831,96.22,False
2024-07-14,91.95,60,2.65,99.996,94.72,False
2024-07-15,79.07,600,20.8,88.951,63.01,True
2024-07-16,96.14,149,2.76,100.0,96.26,False
2024-07-17,94.58,144,5.52,99.79,92.11,False
2024-07-18,97.72,148,2.4,99.908,97.31,False
2024-07-19,93.68,135,2.59,99.888,95.44,False
2024-07-20,95.33,49,2.54,100.0,96.2,False
2024-07-21,94.95,55,2.66,99.695,95.8,False
2024-07-22,94.85,158,6.12,100.0,91.54,False
2024-07-23,94.83,132,4.83,99.993,93.14,False
2024-07-24,95.16,140,8.3,99.637,88.81,False
2024-07-25,96.27,152,10.97,100.0,86.05,False
2024-07-26,97.07,163,2.11,100.0,97.44,False
2024-07-27,95.0,56,3.66,100.0,94.68,False
2024-07-28,96.22,55,1.96,100.0,97.29,False
2024-07-29,93.95,141,2.39,99.917,95.81,False
2024-07-30,96.15,136,2.58,99.568,96.34,False
2024-07-31,93.86,148,2.08,99.531,96.03,False
2024-08-01,96.64,168,2.09,99.951,97.28,False
2024-08-02,98.32,151,3.28,99.782,96.39,False
2024-08-03,94.82,67,1.92,99.717,96.68,False
2024-08-04,91.71,57,5.38,99.887,91.17,False
2024-08-05,94.18,159,2.23,100.0,96.13,False
2024-08-06,96.85,174,14.38,99.609,81.87,False
2024-08-07,95.83,133,2.82,99.81,95.99,False
2024-08-08,95.37,136,3.66,100.0,94.83,False
2024-08-09,96.51,153,1.85,99.685,97.44,False
2024-08-10,95.73,52,8.28,100.0,89.19,False
2024-08-11,96.83,60,6.18,99.803,92.19,False
2024-08-12,96.38,134,4.09,100.0,94.68,False
2024-08-13,97.28,133,1.8,100.0,97.91,False
2024-08-14,95.54,157,3.92,100.0,94.56,False
2024-08-15,96.36,138,2.01,100.0,97.27,False
2024-08-16,94.54,158,7.33,99.67,89.78,False
2024-08-17,94.1,50,5.29,100.0,92.28,False
2024-08-18,97.56,74,3.7,99.729,95.55,False
2024-08-19,95.32,143,1.04,99.952,98.06,False
2024-08-20,96.21,142,2.16,99.952,97.02,False
2024-08-21,95.19,155,4.98,99.997,93.1,False
2024-08-22,94.12,135,6.47,99.967,90.79,False
2024-08-23,78.1,512,13.68,90.109,71.93,True
2024-08-24,97.15,59,1.59,99.63,97.99,False
2024-08-25,79.93,144,14.77,94.796,72.94,True
2024-08-26,92.43,140,5.87,99.937,90.87,False
2024-08-27,94.68,154,1.54,100.0,97.2,False
2024-08-28,97.67,154,3.52,99.891,95.89,False
2024-08-29,94.68,145,4.05,99.619,93.93,False
2024-08-30,92.3,155,3.04,100.0,94.37,False
2024-08-31,97.84,59,1.4,99.826,98.58,False
2024-09-01,96.02,54,3.0,99.968,95.9,False
2024-09-02,78.94,443,18.61,91.52,66.6,True
2024-09-03,94.44,127,3.28,100.0,94.93,False
2024-09-04,96.62,135,2.66,99.725,96.47,False
2024-09-05,94.19,143,2.83,99.833,95.33,False
2024-09-06,96.72,171,3.46,99.921,95.59,False
2024-09-07,95.81,55,4.4,99.682,93.96,False
2024-09-08,95.37,49,3.03,99.966,95.6,False
2024-09-09,95.22,124,2.88,100.0,95.74,False
2024-09-10,94.74,123,3.7,99.802,94.45,False
2024-09-11,96.57,157,1.35,99.979,98.18,False
2024-09-12,93.7,143,4.48,99.35,92.9,False
2024-09-13,92.57,166,3.53,99.892,93.83,False
2024-09-14,95.92,41,3.6,99.837,95.06,False
2024-09-15,95.95,54,5.71,99.736,92.4,False
2024-09-16,95.72,152,1.33,100.0,97.88,False
2024-09-17,95.61,122,1.32,99.835,97.79,False
2024-09-18,94.52,151,4.05,99.865,93.95,False
2024-09-19,96.18,164,3.52,99.825,95.26,False
2024-09-20,94.93,172,3.84,99.517,94.25,False
2024-09-21,94.27,67,2.8,99.674,95.34,False
2024-09-22,94.53,67,4.92,100.0,92.91,False
2024-09-23,98.03,151,5.63,99.478,93.25,False
2024-09-24,63.68,369,10.44,89.953,70.16,True
2024-09-25,95.75,146,3.1,99.82,95.61,False
2024-09-26,92.48,141,1.23,100.0,96.7,False
2024-09-27,94.84,149,5.19,100.0,92.7,False
2024-09-28,94.35,53,6.5,99.789,90.79,False
2024-09-29,91.87,57,4.87,100.0,91.91,False
2024-09-30,95.58,146,2.27,99.752,96.55,False
2024-10-01,94.43,171,4.94,100.0,92.84,False
2024-10-02,66.47,308,8.23,87.377,73.14,True
2024-10-03,96.26,164,7.7,100.0,90.13,False
2024-10-04,97.15,162,2.28,99.819,97.2,False
2024-10-05,97.24,63,3.15,99.694,96.1,False
2024-10-06,95.54,66,5.13,99.857,93.0,False
2024-10-07,95.07,157,3.63,99.955,94.72,False
2024-10-08,96.99,134,2.02,99.801,97.45,False
2024-10-09,97.52,131,4.34,100.0,94.83,False
2024-10-10,96.7,162,4.71,99.783,93.96,False
2024-10-11,93.59,161,3.69,100.0,94.07,False
2024-10-12,95.3,77,3.94,99.988,94.44,False
2024-10-13,95.66,62,3.1,99.888,95.6,False
2024-10-14,92.29,154,7.39,99.812,88.86,False
2024-10-15,95.7,152,2.25,99.93,96.69,False
2024-10-16,98.41,149,2.63,100.0,97.32,False
2024-10-17,95.96,160,3.55,100.0,95.2,False
2024-10-18,97.21,150,5.48,100.0,93.29,False
2024-10-19,95.27,74,1.67,100.0,97.27,False
2024-10-20,94.89,49,1.83,100.0,96.91,False
2024-10-21,95.57,156,1.27,100.0,97.89,False
2024-10-22,93.78,160,3.59,99.997,94.27,False
2024-10-23,93.55,144,2.02,100.0,96.15,False
2024-10-24,96.9,160,2.91,99.698,96.26,False
2024-10-25,97.06,145,4.91,99.811,93.87,False
2024-10-26,93.51,51,2.56,99.799,95.38,False
2024-10-27,96.45,75,3.96,100.0,94.88,False
2024-10-28,94.87,146,3.04,99.865,95.35,False
2024-10-29,95.51,152,4.94,99.928,93.25,False
2024-10-30,95.69,161,4.48,100.0,93.93,False
2024-10-31,96.49,146,2.5,100.0,96.72,False
2024-11-01,95.12,133,3.24,99.868,95.2,False
2024-11-02,97.12,63,5.95,99.766,92.58,False
2024-11-03,95.46,62,4.3,100.0,94.06,False
2024-11-04,95.94,163,1.76,100.0,97.43,False
2024-11-05,93.75,148,4.9,99.579,92.48,False
2024-11-06,98.24,143,2.05,99.837,97.92,False
2024-11-07,95.7,161,7.15,99.933,90.57,False
2024-11-08,96.07,142,5.89,100.0,92.31,False
2024-11-09,92.59,64,4.08,100.0,93.18,False
2024-11-10,93.77,50,3.82,99.957,93.97,False
2024-11-11,96.86,156,3.18,100.0,96.02,False
2024-11-12,95.43,154,4.96,99.913,93.2,False
2024-11-13,92.13,140,2.93,99.765,94.35,False
2024-11-14,96.56,172,3.97,99.848,94.86,False
2024-11-15,94.18,157,5.46,99.904,92.07,False
2024-11-16,97.12,40,2.67,99.893,96.73,False
2024-11-17,94.87,50,2.59,99.523,95.79,False
2024-11-18,95.31,159,1.94,99.821,96.88,False
2024-11-19,96.77,165,2.07,99.911,97.33,False
2024-11-20,93.65,159,1.41,99.844,96.89,False
2024-11-21,93.51,141,5.08,99.851,92.25,False
2024-11-22,94.71,124,8.72,99.998,88.23,False
2024-11-23,96.24,65,7.2,99.684,90.64,False
2024-11-24,93.0,48,1.57,99.574,96.35,False
2024-11-25,92.5,161,5.07,99.83,91.85,False
2024-11-26,96.24,152,7.19,100.0,90.76,False
2024-11-27,94.1,176,2.81,100.0,95.38,False
2024-11-28,94.41,153,3.71,100.0,94.37,False
2024-11-29,92.21,155,1.29,99.606,96.38,False
2024-11-30,93.98,51,4.03,99.854,93.75,False
2024-12-01,94.99,58,2.07,99.951,96.64,False
2024-12-02,96.4,133,3.9,99.936,94.91,False
2024-12-03,93.84,142,1.62,100.0,96.77,False
2024-12-04,97.49,147,4.63,99.717,94.36,False
2024-12-05,93.97,155,5.89,99.913,91.44,False
2024-12-06,93.98,147,2.39,99.984,95.85,False
2024-12-07,97.31,62,2.0,100.0,97.67,False
2024-12-08,95.32,59,1.2,99.739,97.78,False
2024-12-09,94.17,152,3.09,99.831,95.0,False
2024-12-10,94.77,157,2.64,99.359,95.63,False
2024-12-11,97.03,155,1.63,99.776,97.95,False
2024-12-12,97.2,161,4.43,99.795,94.52,False
2024-12-13,93.77,148,2.82,99.696,95.13,False
2024-12-14,94.94,57,2.06,99.933,96.62,False
2024-12-15,95.14,73,2.68,99.889,95.92,False
2024-12-16,93.52,151,6.03,99.448,90.93,False
2024-12-17,94.92,143,4.77,99.943,93.23,False
2024-12-18,95.01,150,3.31,99.714,95.02,False
2024-12-19,96.71,128,4.81,99.997,93.92,False
2024-12-20,96.81,124,1.98,99.644,97.38,False
2024-12-21,94.51,56,3.59,99.906,94.54,False
2024-12-22,94.68,56,3.8,99.843,94.32,False
2024-12-23,96.0,165,2.79,99.961,96.15,False
2024-12-24,94.12,136,4.39,99.925,93.39,False
2024-12-25,95.88,133,2.39,99.849,96.56,False
2024-12-26,94.87,160,4.55,99.593,93.36,False
2024-12-27,93.55,157,4.65,99.605,92.72,False
2024-12-28,93.56,57,0.82,99.783,97.35,False
2024-12-29,97.17,60,6.4,99.898,92.08,False
2024-12-30,94.77,136,0.77,99.778,97.83,False
2024-12-31,97.46,135,2.59,100.0,96.99,False
2025-01-01,94.23,146,5.89,99.844,91.52,False
2025-01-02,95.44,160,3.01,99.707,95.56,False
2025-01-03,98.59,149,1.7,99.844,98.51,False
2025-01-04,93.41,52,2.04,99.945,96.04,False
2025-01-05,92.15,41,5.9,99.965,90.73,False
2025-01-06,75.07,386,22.79,86.353,60.25,True
2025-01-07,93.76,153,6.21,99.766,90.91,False
2025-01-08,94.97,129,3.43,99.885,94.9,False
2025-01-09,94.12,164,1.94,99.985,96.46,False
2025-01-10,95.4,155,2.64,99.895,96.08,False
2025-01-11,93.57,66,2.12,99.8,95.96,False
2025-01-12,75.78,191,19.12,87.813,63.39,True
2025-01-13,95.67,144,5.09,99.798,93.09,False
2025-01-14,93.49,149,1.49,99.685,96.67,False
2025-01-15,93.95,165,2.88,99.555,95.07,False
2025-01-16,94.48,170,2.29,99.741,96.09,False
2025-01-17,92.86,165,6.74,99.691,89.86,False
2025-01-18,94.37,60,1.8,100.0,96.75,False
2025-01-19,95.18,48,7.87,100.0,89.48,False
2025-01-20,94.4,171,3.47,99.719,94.57,False
2025-01-21,94.59,137,1.97,99.848,96.57,False
2025-01-22,94.97,138,2.52,99.528,95.93,False
2025-01-23,94.02,172,2.36,99.801,95.83,False
2025-01-24,96.04,143,1.87,99.98,97.32,False
2025-01-25,97.15,65,3.7,100.0,95.48,False
2025-01-26,94.3,59,1.91,99.757,96.5,False
2025-01-27,95.73,169,1.19,100.0,98.06,False
2025-01-28,94.64,166,2.92,99.597,95.32,False
2025-01-29,95.55,159,1.43,99.65,97.56,False
2025-01-30,97.35,152,2.42,100.0,97.16,False
2025-01-31,95.76,142,2.24,100.0,96.75,False
2025-02-01,92.34,66,2.28,99.999,95.33,False
2025-02-02,95.68,49,9.6,99.892,87.48,False
2025-02-03,96.85,161,3.63,99.461,95.26,False
2025-02-04,94.67,161,3.99,99.496,93.95,False
2025-02-05,96.49,152,1.45,99.926,98.01,False
2025-02-06,93.96,172,2.55,99.828,95.59,False
2025-02-07,92.77,122,3.93,99.679,93.33,False
2025-02-08,95.21,64,2.11,99.913,96.66,False
2025-02-09,92.37,66,5.56,99.923,91.22,False
2025-02-10,94.64,122,1.93,100.0,96.69,False
2025-02-11,96.93,154,3.06,99.927,96.17,False
2025-02-12,92.14,156,2.63,100.0,94.81,False
2025-02-13,93.08,146,3.83,99.902,93.66,False
2025-02-14,93.45,156,2.56,99.877,95.38,False
2025-02-15,94.91,69,3.08,100.0,95.36,False
2025-02-16,94.45,69,3.14,99.704,95.01,False
2025-02-17,97.1,153,2.45,100.0,97.03,False
2025-02-18,96.43,142,4.5,99.975,94.19,False
2025-02-19,95.74,138,3.98,99.976,94.57,False
2025-02-20,95.22,144,3.38,100.0,95.12,False
2025-02-21,95.59,142,2.85,100.0,95.93,False
2025-02-22,93.71,50,5.26,100.0,92.16,False
2025-02-23,96.29,62,3.14,99.579,95.7,False
2025-02-24,93.33,170,3.03,100.0,94.8,False
2025-02-25,96.25,134,3.72,99.832,95.04,False
2025-02-26,96.78,127,8.24,99.921,89.63,False
2025-02-27,95.32,155,1.81,99.644,96.99,False
2025-02-28,94.74,147,5.19,100.0,92.66,False
2025-03-01,95.6,66,1.37,99.77,97.7,False
2025-03-02,90.71,55,3.94,99.92,92.59,False
2025-03-03,95.45,140,7.76,99.843,89.68,False
2025-03-04,94.83,170,4.51,100.0,93.55,False
2025-03-05,94.92,159,3.84,100.0,94.41,False
2025-03-06,96.06,155,2.67,99.909,96.31,False
2025-03-07,94.89,140,3.59,99.913,94.69,False
2025-03-08,93.29,51,3.11,99.825,94.61,False
2025-03-09,94.79,55,2.38,100.0,96.19,False
2025-03-10,60.86,382,16.77,90.651,61.36,True
2025-03-11,95.17,148,3.9,99.816,94.38,False
2025-03-12,95.24,161,2.41,100.0,96.34,False
2025-03-13,96.56,152,2.36,99.792,96.85,False
2025-03-14,93.37,155,1.79,99.892,96.33,False
2025-03-15,95.26,60,4.29,99.584,93.85,False
2025-03-16,96.93,48,4.64,100.0,94.23,False
2025-03-17,92.4,140,3.96,100.0,93.25,False
2025-03-18,76.94,394,21.14,88.788,61.85,True
2025-03-19,94.12,143,3.69,100.0,94.29,False
2025-03-20,94.44,132,4.29,99.731,93.57,False
2025-03-21,93.64,125,4.11,99.947,93.55,False
2025-03-22,94.75,53,3.37,99.711,94.83,False
2025-03-23,97.76,58,2.71,99.854,96.92,False
2025-03-24,93.1,165,10.68,100.0,85.14,False
2025-03-25,93.25,150,2.82,99.92,95.0,False
2025-03-26,93.05,144,2.53,99.617,95.17,False
2025-03-27,97.59,161,4.39,99.637,94.68,False
2025-03-28,94.31,141,4.0,99.624,93.84,False
2025-03-29,94.96,54,1.75,99.998,97.05,False
2025-03-30,94.4,64,6.19,100.0,91.27,False
2025-03-31,93.58,144,3.37,100.0,94.47,False
2025-04-01,94.65,122,2.03,99.521,96.41,False
2025-04-02,98.69,158,6.4,100.0,92.73,False
2025-04-03,97.09,121,4.83,100.0,94.05,False
2025-04-04,93.72,171,1.88,99.591,96.25,False
2025-04-05,95.97,52,8.58,99.839,88.85,False
2025-04-06,93.75,49,4.91,100.0,92.62,False
2025-04-07,92.34,140,3.51,100.0,93.79,False
2025-04-08,96.53,153,7.82,99.638,89.96,False
2025-04-09,96.74,154,3.82,100.0,95.17,False
2025-04-10,96.57,160,3.48,99.472,95.34,False
2025-04-11,94.3,141,2.54,99.855,95.75,False
2025-04-12,94.75,59,4.72,100.0,93.25,False
2025-04-13,96.12,68,4.48,99.904,94.07,False
2025-04-14,95.59,162,3.56,99.8,94.97,False
2025-04-15,94.41,139,2.38,100.0,96.04,False
2025-04-16,92.57,143,3.77,100.0,93.57,False
2025-04-17,95.17,158,3.41,100.0,95.06,False
2025-04-18,96.62,159,1.81,100.0,97.63,False
2025-04-19,93.2,71,1.69,100.0,96.42,False
2025-04-20,95.96,50,4.68,100.0,93.78,False
2025-04-21,95.5,157,0.96,99.953,98.18,False
2025-04-22,96.13,134,3.91,99.918,94.78,False
2025-04-23,96.31,167,2.78,99.853,96.25,False
2025-04-24,93.96,154,6.79,99.658,90.23,False
2025-04-25,92.57,123,2.76,99.709,94.73,False
2025-04-26,94.2,55,4.91,99.844,92.74,False
2025-04-27,96.33,69,2.89,99.948,96.15,False
2025-04-28,94.19,153,3.74,100.0,94.25,False
2025-04-29,93.96,166,5.1,99.892,92.42,False
2025-04-30,92.27,154,2.8,100.0,94.66,False
2025-05-01,97.63,146,5.81,100.0,93.04,False
2025-05-02,96.24,158,2.15,99.854,97.01,False
2025-05-03,69.06,178,10.89,88.397,71.21,True
2025-05-04,96.45,60,5.6,99.851,92.78,False
2025-05-05,95.87,131,4.91,100.0,93.46,False
2025-05-06,94.63,146,9.2,100.0,87.6,False
2025-05-07,94.75,137,2.41,99.662,96.02,False
2025-05-08,94.36,139,1.77,99.932,96.76,False
2025-05-09,98.95,159,2.15,100.0,98.15,False
2025-05-10,95.83,57,4.91,99.864,93.4,False
2025-05-11,94.3,66,4.53,99.99,93.31,False
2025-05-12,95.7,161,3.72,100.0,94.89,False
2025-05-13,93.48,132,2.01,99.693,96.02,False
2025-05-14,97.26,166,5.18,100.0,93.68,False
2025-05-15,94.01,131,1.91,99.621,96.33,False
2025-05-16,95.75,159,6.3,99.775,91.6,False
2025-05-17,96.6,65,14.73,100.0,81.47,False
2025-05-18,95.58,58,4.24,99.971,94.17,False
2025-05-19,95.14,154,4.72,99.839,93.34,False
2025-05-20,95.02,147,2.76,99.989,95.8,False
2025-05-21,94.92,174,1.43,99.888,97.39,False
2025-05-22,94.13,138,2.61,99.903,95.61,False
2025-05-23,94.33,146,2.04,100.0,96.43,False
2025-05-24,97.22,51,1.71,99.755,97.91,False
2025-05-25,94.84,54,8.35,99.908,88.71,False
2025-05-26,69.06,331,19.54,85.877,59.5,True
2025-05-27,94.23,137,4.27,99.583,93.46,False
2025-05-28,96.65,149,3.02,99.716,96.03,False
2025-05-29,96.01,121,3.24,100.0,95.61,False
2025-05-30,95.84,150,5.72,99.977,92.43,False
2025-05-31,94.61,54,3.47,99.635,94.63,False
2025-06-01,95.86,66,4.6,99.592,93.7,False
2025-06-02,94.03,128,3.2,99.878,94.82,False
2025-06-03,94.61,143,2.97,100.0,95.38,False
2025-06-04,96.45,131,1.75,99.863,97.6,False
2025-06-05,96.31,154,1.31,100.0,98.13,False
2025-06-06,93.53,136,3.1,99.97,94.78,False
2025-06-07,93.72,51,3.63,99.994,94.2,False
2025-06-08,95.16,62,1.86,99.633,96.87,False
2025-06-09,97.59,142,3.47,100.0,95.95,False
2025-06-10,92.13,147,3.63,99.833,93.51,False
2025-06-11,95.42,160,1.2,100.0,97.92,False
2025-06-12,92.94,175,2.23,99.737,95.54,False
2025-06-13,94.05,168,4.33,99.935,93.44,False
2025-06-14,94.45,54,4.28,99.97,93.67,False
2025-06-15,94.37,52,1.98,99.869,96.47,False
2025-06-16,94.2,148,3.82,99.981,94.15,False
2025-06-17,95.01,158,5.89,99.847,91.84,False
2025-06-18,94.2,166,5.21,99.77,92.34,False
2025-06-19,92.81,151,3.37,100.0,94.17,False
2025-06-20,96.17,140,2.79,100.0,96.23,False
2025-06-21,96.13,67,2.58,99.748,96.39,False
2025-06-22,96.26,60,4.46,100.0,94.18,False
2025-06-23,92.69,151,3.89,99.751,93.37,False
2025-06-24,95.45,134,4.84,99.663,93.27,False
2025-06-25,96.01,178,3.77,100.0,94.94,False
2025-06-26,93.45,179,5.32,99.559,91.83,False
2025-06-27,95.01,152,3.7,100.0,94.63,False
2025-06-28,94.83,54,5.23,99.849,92.6,False
2025-06-29,97.76,56,5.46,99.858,93.49,False
2025-06-30,67.14,418,11.86,93.519,71.02,True
2025-07-01,92.5,151,1.43,100.0,96.46,False
2025-07-02,98.74,159,7.64,99.735,91.11,False
2025-07-03,93.63,136,4.01,100.0,93.68,False
2025-07-04,96.47,144,1.5,99.923,97.94,False
2025-07-05,96.46,56,2.47,99.649,96.62,False
2025-07-06,93.51,63,5.19,99.866,92.11,False
2025-07-07,95.74,161,3.07,100.0,95.71,False
2025-07-08,61.44,599,15.47,87.201,62.01,True
2025-07-09,95.83,155,7.11,100.0,90.69,False
2025-07-10,95.35,126,2.09,99.662,96.66,False
2025-07-11,96.79,134,2.37,99.998,97.01,False
2025-07-12,95.11,63,3.92,100.0,94.39,False
2025-07-13,94.75,73,4.29,100.0,93.79,False
2025-07-14,96.64,158,4.52,100.0,94.25,False
2025-07-15,95.87,156,5.57,99.973,92.63,False
2025-07-16,96.1,149,3.9,99.886,94.78,False
2025-07-17,94.0,144,4.51,99.778,93.14,False
2025-07-18,93.43,156,3.1,99.52,94.58,False
2025-07-19,94.15,71,3.64,99.968,94.35,False
2025-07-20,94.07,64,3.72,99.937,94.2,False
2025-07-21,96.18,177,3.93,100.0,94.81,False
2025-07-22,96.46,159,5.19,99.632,93.21,False
2025-07-23,94.77,152,4.66,100.0,93.33,False
2025-07-24,97.15,150,3.61,100.0,95.6,False
2025-07-25,97.05,147,2.36,99.916,97.1,False
2025-07-26,95.37,56,3.65,99.888,94.79,False
2025-07-27,93.77,59,3.48,99.962,94.39,False
2025-07-28,97.36,130,3.89,100.0,95.34,False
2025-07-29,94.91,156,10.64,99.695,85.81,False
2025-07-30,95.19,138,2.72,99.941,95.91,False
2025-07-31,94.49,165,4.36,99.74,93.51,False
2025-08-01,93.67,156,6.02,99.791,91.11,False
2025-08-02,92.8,55,3.71,99.89,93.7,False
2025-08-03,95.95,55,11.36,100.0,85.43,False
2025-08-04,93.82,170,2.92,100.0,95.13,False
2025-08-05,99.59,151,4.15,99.99,95.89,False
2025-08-06,93.37,178,2.37,99.825,95.58,False
2025-08-07,93.11,141,2.96,100.0,94.79,False
2025-08-08,95.77,146,4.0,99.814,94.49,False
2025-08-09,74.07,152,17.38,86.616,64.47,True
2025-08-10,95.1,59,4.14,99.545,93.95,False
2025-08-11,95.86,165,6.63,100.0,91.31,False
2025-08-12,92.23,151,3.37,100.0,93.94,False
2025-08-13,93.98,155,2.99,100.0,95.11,False
2025-08-14,93.39,172,13.64,99.622,81.42,False
2025-08-15,92.16,160,4.3,100.0,92.74,False
2025-08-16,95.18,59,2.46,99.914,96.21,False
2025-08-17,91.64,54,2.49,100.0,94.79,False
2025-08-18,93.02,142,2.2,99.57,95.55,False
2025-08-19,94.19,153,5.64,100.0,91.88,False
2025-08-20,93.75,139,2.94,100.0,95.07,False
2025-08-21,95.59,165,3.76,99.892,94.75,False
2025-08-22,95.46,162,3.42,100.0,95.16,False
2025-08-23,96.34,50,5.09,99.747,93.34,False
2025-08-24,96.13,49,2.31,99.784,96.74,False
2025-08-25,96.71,136,2.06,99.807,97.29,False
2025-08-26,95.0,154,3.95,99.529,94.15,False
2025-08-27,95.46,135,4.77,100.0,93.47,False
2025-08-28,95.77,141,4.17,100.0,94.35,False
2025-08-29,95.21,156,2.36,99.76,96.31,False
2025-08-30,70.92,170,14.28,86.24,66.95,True
2025-08-31,94.5,58,2.43,99.847,95.95,False
2025-09-01,93.77,150,2.72,99.966,95.35,False
2025-09-02,95.63,131,2.2,99.774,96.67,False
2025-09-03,94.86,149,6.77,99.723,90.64,False
2025-09-04,94.01,123,4.85,100.0,92.8,False
2025-09-05,94.01,145,4.78,99.887,92.84,False
2025-09-06,93.18,58,6.59,100.0,90.29,False
2025-09-07,96.47,66,14.41,99.909,81.8,False
2025-09-08,95.12,150,1.5,99.715,97.32,False
2025-09-09,93.71,135,2.44,100.0,95.68,False
2025-09-10,96.21,131,2.59,100.0,96.49,False
2025-09-11,94.16,151,2.31,100.0,96.03,False
2025-09-12,92.89,123,2.06,100.0,95.83,False
2025-09-13,96.53,58,3.04,99.769,95.98,False
2025-09-14,94.19,68,1.92,99.875,96.48,False
2025-09-15,94.39,135,4.17,99.866,93.74,False
2025-09-16,95.06,163,3.62,99.642,94.62,False
2025-09-17,96.71,163,4.49,99.847,94.27,False
2025-09-18,95.03,146,4.55,100.0,93.57,False
2025-09-19,93.2,141,4.77,99.947,92.55,False
2025-09-20,95.82,60,2.93,99.631,95.79,False
2025-09-21,94.27,59,10.19,99.589,86.07,False
2025-09-22,97.83,139,3.97,100.0,95.42,False
2025-09-23,95.0,159,1.39,99.882,97.47,False
2025-09-24,91.65,130,2.14,99.771,95.16,False
2025-09-25,95.54,137,1.48,99.845,97.56,False
2025-09-26,97.92,134,3.56,99.605,95.83,False
2025-09-27,97.36,59,3.32,100.0,96.04,False
2025-09-28,97.75,70,2.79,99.821,96.79,False
2025-09-29,93.47,139,9.65,100.0,86.58,False
2025-09-30,96.37,142,4.64,99.91,93.96,False
2025-10-01,93.92,152,5.08,100.0,92.47,False
2025-10-02,95.34,163,2.22,99.951,96.6,False
2025-10-03,93.09,109,2.14,100.0,95.81,False
2025-10-04,94.03,62,3.6,100.0,94.37,False
2025-10-05,93.99,54,3.85,100.0,94.03,False
2025-10-06,96.35,160,1.4,99.97,98.03,False
2025-10-07,96.2,152,3.23,99.853,95.65,False
2025-10-08,95.42,141,3.55,100.0,94.97,False
2025-10-09,92.97,143,3.17,99.719,94.38,False
2025-10-10,94.53,156,2.35,99.901,96.09,False
2025-10-11,93.88,71,2.7,99.903,95.4,False
2025-10-12,96.3,59,3.23,99.98,95.73,False
2025-10-13,96.77,174,3.69,99.814,95.27,False
2025-10-14,96.58,139,4.78,99.963,93.9,False
2025-10-15,63.87,440,22.44,88.149,56.4,True
2025-10-16,90.89,139,3.05,99.584,93.65,False
2025-10-17,92.35,139,2.81,99.902,94.64,False
2025-10-18,97.13,52,4.39,99.68,94.5,False
2025-10-19,94.4,70,4.79,99.553,92.86,False
2025-10-20,93.87,145,2.84,99.927,95.22,False
2025-10-21,97.46,145,5.24,99.998,93.68,False
2025-10-22,96.9,154,5.76,100.0,92.81,False
2025-10-23,95.04,167,6.73,100.0,90.85,False
2025-10-24,94.56,131,8.59,99.513,88.17,False
2025-10-25,94.8,49,2.29,99.628,96.18,False
2025-10-26,95.34,66,3.55,100.0,94.94,False
2025-10-27,97.4,120,3.55,99.691,95.66,False
2025-10-28,95.63,144,3.36,100.0,95.3,False
2025-10-29,96.09,153,2.55,99.763,96.41,False
2025-10-30,96.75,150,1.68,99.916,97.82,False
2025-10-31,93.25,146,3.7,99.773,93.85,False
2025-11-01,96.13,50,2.4,100.0,96.7,False
2025-11-02,94.56,52,3.69,99.927,94.44,False
2025-11-03,91.23,166,2.37,99.81,94.71,False
2025-11-04,91.81,145,2.04,99.69,95.32,False
2025-11-05,93.47,148,3.97,99.954,93.66,False
2025-11-06,95.8,172,3.81,99.657,94.69,False
2025-11-07,95.17,146,4.72,99.985,93.42,False
2025-11-08,95.28,59,10.53,100.0,86.2,False
2025-11-09,97.93,59,4.05,100.0,95.35,False
2025-11-10,93.1,152,4.5,100.0,92.86,False
2025-11-11,94.96,144,2.06,99.883,96.62,False
2025-11-12,95.46,131,1.85,99.512,96.94,False
2025-11-13,93.9,158,7.79,99.636,88.94,False
2025-11-14,95.04,139,2.22,100.0,96.49,False
2025-11-15,92.6,66,2.09,99.742,95.58,False
2025-11-16,97.11,62,3.46,99.76,95.68,False
2025-11-17,93.98,146,3.37,99.867,94.58,False
2025-11-18,98.05,153,2.25,99.688,97.55,False
2025-11-19,94.95,152,3.03,99.655,95.32,False
2025-11-20,96.54,159,6.53,99.89,91.67,False
2025-11-21,94.92,150,2.36,99.722,96.17,False
2025-11-22,94.95,56,1.76,99.752,96.95,False
2025-11-23,94.12,57,5.66,99.744,91.74,False
2025-11-24,95.18,141,4.52,100.0,93.68,False
2025-11-25,95.48,160,2.59,99.854,96.15,False
2025-11-26,93.82,151,1.6,99.864,96.73,False
2025-11-27,94.81,138,2.43,100.0,96.13,False
2025-11-28,94.08,167,3.43,99.872,94.55,False
2025-11-29,98.45,48,6.32,99.844,92.67,False
2025-11-30,94.87,60,2.1,99.994,96.57,False
2025-12-01,97.32,147,3.38,100.0,95.95,False
2025-12-02,94.71,147,4.95,99.871,92.9,False
2025-12-03,95.39,161,1.07,99.916,98.03,False
2025-12-04,93.02,142,5.92,99.744,90.97,False
2025-12-05,94.33,166,1.95,99.728,96.44,False
2025-12-06,95.32,60,4.17,100.0,94.17,False
2025-12-07,97.38,64,3.99,99.989,95.21,False
2025-12-08,95.33,156,6.07,99.991,91.79,False
2025-12-09,97.08,154,4.65,99.956,94.25,False
2025-12-10,95.96,149,1.08,99.909,98.26,False
2025-12-11,97.44,139,2.38,100.0,97.25,False
2025-12-12,94.91,138,3.78,100.0,94.49,False
2025-12-13,98.59,58,3.2,100.0,96.68,False
2025-12-14,94.27,86,4.48,99.88,93.31,False
2025-12-15,93.85,155,5.24,100.0,92.24,False
2025-12-16,93.18,155,4.79,99.946,92.52,False
2025-12-17,98.5,147,3.17,100.0,96.68,False
2025-12-18,96.23,181,1.4,99.956,97.97,False
2025-12-19,94.5,158,2.81,99.949,95.52,False
2025-12-20,96.87,72,4.35,99.753,94.48,False
2025-12-21,96.03,75,2.05,100.0,97.1,False
2025-12-22,97.95,133,4.84,100.0,94.38,False
2025-12-23,92.68,164,5.56,99.825,91.31,False
2025-12-24,94.6,151,3.76,99.914,94.36,False
2025-12-25,94.31,152,0.76,99.811,97.66,False
2025-12-26,92.04,148,1.86,99.802,95.67,False
2025-12-27,96.59,83,9.06,100.0,88.56,False
2025-12-28,94.59,52,2.69,99.765,95.65,False
2025-12-29,96.11,184,1.31,99.805,97.99,False
2025-12-30,98.54,166,6.55,99.583,92.34,False
2025-12-31,94.47,134,3.55,99.748,94.51,False
2026-01-01,94.37,152,6.13,99.558,91.18,False
2026-01-02,95.18,157,4.05,100.0,94.25,False
2026-01-03,96.48,59,4.44,100.0,94.29,False
2026-01-04,94.15,57,4.23,99.827,93.56,False
2026-01-05,94.05,130,5.0,99.567,92.47,False
2026-01-06,96.59,161,11.02,100.0,86.11,False
2026-01-07,95.57,173,5.74,99.755,92.22,False
2026-01-08,91.93,116,1.6,100.0,96.02,False
2026-01-09,93.16,139,4.41,99.844,92.94,False
2026-01-10,97.25,54,6.25,99.774,92.26,False
2026-01-11,95.6,51,6.44,99.864,91.39,False
2026-01-12,93.86,138,2.85,100.0,95.23,False
2026-01-13,94.74,170,6.32,99.855,91.2,False
2026-01-14,95.02,154,5.61,99.801,92.17,False
2026-01-15,96.1,162,12.78,99.86,83.67,False
2026-01-16,92.96,144,2.43,99.646,95.28,False
2026-01-17,93.74,53,2.74,99.979,95.31,False
2026-01-18,95.41,76,3.03,99.543,95.47,False
2026-01-19,94.85,160,2.76,99.811,95.67,False
2026-01-20,95.86,137,2.26,100.0,96.77,False
2026-01-21,93.16,155,0.89,99.961,97.25,False
2026-01-22,95.54,148,2.84,100.0,95.91,False
2026-01-23,96.64,158,4.25,99.887,94.56,False
2026-01-24,95.73,75,2.76,100.0,96.09,False
2026-01-25,95.21,49,9.29,100.0,87.72,False
2026-01-26,94.86,151,3.55,99.989,94.75,False
2026-01-27,93.75,149,6.73,100.0,90.33,False
2026-01-28,94.89,147,4.02,100.0,94.18,False
2026-01-29,96.89,153,5.34,99.812,93.27,False
2026-01-30,94.82,155,4.06,99.631,93.98,False
2026-01-31,93.67,72,7.0,99.984,89.96,False
2026-02-01,94.26,63,3.63,100.0,94.42,False
2026-02-02,95.3,147,4.52,100.0,93.72,False
2026-02-03,94.44,165,4.24,99.713,93.63,False
2026-02-04,95.73,144,3.06,99.719,95.62,False
2026-02-05,95.78,145,4.32,99.992,94.16,False
2026-02-06,96.33,162,10.79,99.886,86.26,False
2026-02-07,97.14,66,3.08,99.523,96.08,False
2026-02-08,96.49,53,4.35,99.975,94.4,False
2026-02-09,93.6,134,6.62,99.53,90.25,False
2026-02-10,93.64,154,6.24,99.711,90.8,False
2026-02-11,94.89,168,3.55,100.0,94.77,False
2026-02-12,94.32,136,1.07,100.0,97.64,False
2026-02-13,93.29,142,4.57,99.657,92.73,False
2026-02-14,94.34,71,1.16,99.834,97.47,False
2026-02-15,94.29,65,7.36,99.909,89.73,False
2026-02-16,93.99,145,3.84,100.0,94.04,False
2026-02-17,94.53,135,5.82,99.801,91.72,False
2026-02-18,96.77,143,2.25,99.805,97.08,False
2026-02-19,95.3,152,1.62,100.0,97.34,False
2026-02-20,98.71,127,4.02,99.825,95.64,False
2026-02-21,95.26,67,3.47,100.0,95.01,False
2026-02-22,94.56,68,2.76,99.605,95.49,False
2026-02-23,95.01,163,3.68,99.866,94.6,False
2026-02-24,95.38,145,14.08,99.568,81.65,False
2026-02-25,95.65,149,5.36,99.689,92.7,False
2026-02-26,98.12,140,5.97,100.0,93.04,False
2026-02-27,93.73,143,5.38,99.89,91.98,False
2026-02-28,96.29,50,7.4,99.836,90.46,False
2026-03-01,95.31,55,3.21,99.75,95.27,False
2026-03-02,92.64,140,1.26,99.856,96.68,False
2026-03-03,96.16,173,3.21,99.96,95.68,False
2026-03-04,74.35,437,18.7,94.496,65.68,True
2026-03-05,93.71,161,2.17,99.375,95.8,False
2026-03-06,94.99,129,3.23,99.734,95.11,False
2026-03-07,92.41,59,2.5,99.932,95.07,False
2026-03-08,93.11,58,7.48,99.88,89.1,False
2026-03-09,96.57,152,5.13,99.981,93.45,False
2026-03-10,94.3,132,4.89,99.954,92.84,False
2026-03-11,93.34,161,4.82,99.839,92.51,False
2026-03-12,95.34,168,3.46,99.795,94.98,False
2026-03-13,94.22,146,3.9,99.851,94.01,False
2026-03-14,94.29,62,1.95,100.0,96.53,False
2026-03-15,96.11,56,1.18,99.754,98.13,False
2026-03-16,93.26,142,3.81,99.887,93.76,False
2026-03-17,93.64,138,4.15,99.937,93.5,False
2026-03-18,95.23,177,6.46,100.0,91.27,False
2026-03-19,96.45,164,7.74,99.84,90.1,False
2026-03-20,96.86,138,7.74,100.0,90.32,False
2026-03-21,94.0,68,2.14,100.0,96.17,False
2026-03-22,96.41,73,2.96,99.887,96.07,False
2026-03-23,93.82,156,4.49,99.858,93.12,False
2026-03-24,97.74,140,12.52,99.834,84.64,False
2026-03-25,93.3,184,7.4,99.849,89.27,False
2026-03-26,96.99,147,6.18,100.0,92.32,False
2026-03-27,94.02,141,2.91,99.946,95.2,False
2026-03-28,98.02,67,2.27,99.947,97.6,False
2026-03-29,95.89,69,5.24,99.675,92.94,False
2026-03-30,93.48,139,2.04,99.707,95.99,False
2026-03-31,94.22,162,3.13,100.0,95.02,False
2026-04-01,72.24,495,10.76,87.638,72.37,True
2026-04-02,96.58,145,7.83,99.745,90.01,False
2026-04-03,94.89,138,2.96,100.0,95.51,False
2026-04-04,95.07,59,1.04,99.956,97.96,False
2026-04-05,96.14,63,4.54,100.0,94.03,False
2026-04-06,95.2,146,2.49,99.872,96.17,False
2026-04-07,93.06,140,3.61,99.836,93.91,False
2026-04-08,93.78,160,3.38,99.866,94.49,False
2026-04-09,95.35,149,3.08,99.623,95.41,False
2026-04-10,96.82,137,5.24,99.882,93.39,False
2026-04-11,97.42,55,1.64,99.959,98.15,False
2026-04-12,96.17,72,2.73,100.0,96.31,False
2026-04-13,95.43,141,4.97,99.917,93.18,False
2026-04-14,96.12,141,2.6,99.433,96.25,False
2026-04-15,94.0,176,1.58,99.881,96.83,False
2026-04-16,94.77,139,4.93,100.0,92.99,False
2026-04-17,93.76,146,6.19,100.0,91.02,False
2026-04-18,93.13,51,3.45,99.738,94.09,False
2026-04-19,95.5,67,1.32,100.0,97.79,False
2026-04-20,95.28,171,5.02,99.752,92.99,False
2026-04-21,96.03,164,1.54,99.629,97.61,False
2026-04-22,95.82,143,4.12,99.83,94.37,False
2026-04-23,95.36,160,2.26,99.918,96.54,False
2026-04-24,95.83,158,1.98,99.526,96.95,False
2026-04-25,94.94,70,2.83,99.67,95.57,False
2026-04-26,95.62,66,3.22,99.902,95.44,False
2026-04-27,93.91,159,2.56,99.818,95.55,False
2026-04-28,95.55,133,4.74,99.979,93.54,False
2026-04-29,96.0,150,2.82,99.657,96.0,False
2026-04-30,94.0,153,5.76,100.0,91.64,False
2026-05-01,68.97,341,21.59,93.282,60.24,True
2026-05-02,94.06,64,2.49,100.0,95.76,False
2026-05-03,94.21,52,2.29,99.557,95.92,False
2026-05-04,93.31,145,1.55,99.681,96.53,False
2026-05-05,96.9,131,4.08,99.983,94.9,False
2026-05-06,96.6,166,2.96,100.0,96.19,False
2026-05-07,95.81,161,1.08,99.963,98.21,False
2026-05-08,97.96,143,2.7,100.0,97.06,False
2026-05-09,94.72,56,2.25,99.904,96.29,False
2026-05-10,99.55,64,7.76,99.695,91.26,False
2026-05-11,94.66,158,1.51,99.802,97.16,False
